writer,generator,optimizer,seed,status,selected_checkpoint,initial_gap,selected_gap,terminal_gap,improvement,reversal
strong,strong,strong,0,missing,,,,,,
strong,strong,strong,1,missing,,,,,,
strong,strong,strong,2,missing,,,,,,
strong,strong,weak,0,missing,,,,,,
strong,strong,weak,1,missing,,,,,,
strong,strong,weak,2,missing,,,,,,
strong,weak,strong,0,missing,,,,,,
strong,weak,strong,1,missing,,,,,,
strong,weak,strong,2,missing,,,,,,
strong,weak,weak,0,missing,,,,,,
strong,weak,weak,1,missing,,,,,,
strong,weak,weak,2,missing,,,,,,
weak,strong,strong,0,missing,,,,,,
weak,strong,strong,1,missing,,,,,,
weak,strong,strong,2,missing,,,,,,
weak,strong,weak,0,missing,,,,,,
weak,strong,weak,1,missing,,,,,,
weak,strong,weak,2,missing,,,,,,
weak,weak,strong,0,missing,,,,,,
weak,weak,strong,1,missing,,,,,,
weak,weak,strong,2,missing,,,,,,
weak,weak,weak,0,missing,,,,,,
weak,weak,weak,1,missing,,,,,,
weak,weak,weak,2,missing,,,,,,
